Question,Label
"What is salicylic acid, and how does it work for acne treatment?",Acne_Fighting_Serum_Questions
Can salicylic acid serums help unclog pores?,Acne_Fighting_Serum_Questions
How often should I use a salicylic acid-based serum?,Acne_Fighting_Serum_Questions
Are there any side effects of using salicylic acid serums?,Acne_Fighting_Serum_Questions
Can salicylic acid serums reduce blackheads and whiteheads?,Acne_Fighting_Serum_Questions
What is the ideal concentration of salicylic acid in serums?,Acne_Fighting_Serum_Questions
Are salicylic acid serums suitable for sensitive skin?,Acne_Fighting_Serum_Questions
Can salicylic acid serums help with acne scars?,Acne_Fighting_Serum_Questions
Do salicylic acid serums provide long-term acne prevention?,Acne_Fighting_Serum_Questions
What is the best way to apply a salicylic acid serum?,Acne_Fighting_Serum_Questions
Can salicylic acid serums be used with retinol products?,Acne_Fighting_Serum_Questions
Are there precautions to take when using salicylic acid serums?,Acne_Fighting_Serum_Questions
Do salicylic acid serums work well with other acne treatments?,Acne_Fighting_Serum_Questions
Can salicylic acid serums help with oily skin control?,Acne_Fighting_Serum_Questions
What is the best time to apply a salicylic acid serum?,Acne_Fighting_Serum_Questions
Are salicylic acid serums effective for cystic acne?,Acne_Fighting_Serum_Questions
How do salicylic acid serums compare to other acne treatments?,Acne_Fighting_Serum_Questions
Can salicylic acid serums be used daily?,Acne_Fighting_Serum_Questions
Do salicylic acid serums help improve overall skin texture?,Acne_Fighting_Serum_Questions
What are the common myths about salicylic acid in skincare?,Acne_Fighting_Serum_Questions
"What is benzoyl peroxide, and how does it treat acne?",Acne_Fighting_Serum_Questions
Are benzoyl peroxide serums effective for preventing breakouts?,Acne_Fighting_Serum_Questions
Can benzoyl peroxide serums be used on sensitive skin?,Acne_Fighting_Serum_Questions
What is the ideal concentration of benzoyl peroxide in serums?,Acne_Fighting_Serum_Questions
How often should I use a benzoyl peroxide-based serum?,Acne_Fighting_Serum_Questions
Do benzoyl peroxide serums help reduce acne scars?,Acne_Fighting_Serum_Questions
Are there any side effects of using benzoyl peroxide serums?,Acne_Fighting_Serum_Questions
Can benzoyl peroxide serums be combined with salicylic acid?,Acne_Fighting_Serum_Questions
What is the best way to apply a benzoyl peroxide serum?,Acne_Fighting_Serum_Questions
Are benzoyl peroxide serums effective for cystic acne?,Acne_Fighting_Serum_Questions
Do benzoyl peroxide serums cause dryness or irritation?,Acne_Fighting_Serum_Questions
What precautions should I take when using benzoyl peroxide serums?,Acne_Fighting_Serum_Questions
Can benzoyl peroxide serums help reduce redness and inflammation?,Acne_Fighting_Serum_Questions
Are benzoyl peroxide serums suitable for teenage acne?,Acne_Fighting_Serum_Questions
Do benzoyl peroxide serums provide long-term acne relief?,Acne_Fighting_Serum_Questions
How do benzoyl peroxide serums compare to retinol for acne?,Acne_Fighting_Serum_Questions
Can benzoyl peroxide serums be used on the back and chest?,Acne_Fighting_Serum_Questions
Are benzoyl peroxide serums suitable for daily use?,Acne_Fighting_Serum_Questions
What are the common myths about benzoyl peroxide in skincare?,Acne_Fighting_Serum_Questions
Can benzoyl peroxide serums help with blackheads and whiteheads?,Acne_Fighting_Serum_Questions
What are the benefits of tea tree oil serums for acne?,Acne_Fighting_Serum_Questions
Can tea tree oil serums help reduce redness and swelling?,Acne_Fighting_Serum_Questions
Are tea tree oil serums suitable for sensitive skin?,Acne_Fighting_Serum_Questions
How often should I use a tea tree oil serum?,Acne_Fighting_Serum_Questions
Can tea tree oil serums be combined with other acne treatments?,Acne_Fighting_Serum_Questions
Do tea tree oil serums provide long-term acne prevention?,Acne_Fighting_Serum_Questions
Are there any side effects of using tea tree oil serums?,Acne_Fighting_Serum_Questions
What is the best way to apply a tea tree oil serum?,Acne_Fighting_Serum_Questions
Can tea tree oil serums help with acne scars?,Acne_Fighting_Serum_Questions
Do tea tree oil serums work well for cystic acne?,Acne_Fighting_Serum_Questions
Can tea tree oil serums be used on oily skin?,Acne_Fighting_Serum_Questions
What are the active compounds in tea tree oil serums?,Acne_Fighting_Serum_Questions
Are tea tree oil serums effective for teenage acne?,Acne_Fighting_Serum_Questions
Do tea tree oil serums help unclog pores?,Acne_Fighting_Serum_Questions
Are there precautions to take when using tea tree oil serums?,Acne_Fighting_Serum_Questions
How do tea tree oil serums compare to salicylic acid?,Acne_Fighting_Serum_Questions
Can tea tree oil serums help with fungal acne?,Acne_Fighting_Serum_Questions
What are the common myths about tea tree oil in skincare?,Acne_Fighting_Serum_Questions
Do tea tree oil serums improve overall skin texture?,Acne_Fighting_Serum_Questions
Are tea tree oil serums suitable for daily use?,Acne_Fighting_Serum_Questions
"What is Zinc PCA, and how does it help with acne?",Acne_Fighting_Serum_Questions
Can Zinc PCA serums help control oil production?,Acne_Fighting_Serum_Questions
Are Zinc PCA serums suitable for sensitive skin?,Acne_Fighting_Serum_Questions
How often should I use a Zinc PCA serum?,Acne_Fighting_Serum_Questions
Can Zinc PCA serums reduce redness and inflammation?,Acne_Fighting_Serum_Questions
Are there any side effects of using Zinc PCA serums?,Acne_Fighting_Serum_Questions
What is the best way to apply a Zinc PCA serum?,Acne_Fighting_Serum_Questions
Do Zinc PCA serums help with hormonal acne?,Acne_Fighting_Serum_Questions
Can Zinc PCA serums be combined with other acne treatments?,Acne_Fighting_Serum_Questions
Are Zinc PCA serums effective for teenage acne?,Acne_Fighting_Serum_Questions
Do Zinc PCA serums help prevent future breakouts?,Acne_Fighting_Serum_Questions
What are the active compounds in Zinc PCA serums?,Acne_Fighting_Serum_Questions
Can Zinc PCA serums help with post-acne marks?,Acne_Fighting_Serum_Questions
How do Zinc PCA serums compare to salicylic acid for acne?,Acne_Fighting_Serum_Questions
Are Zinc PCA serums suitable for oily skin?,Acne_Fighting_Serum_Questions
Can Zinc PCA serums improve overall skin texture?,Acne_Fighting_Serum_Questions
Do Zinc PCA serums provide long-term acne relief?,Acne_Fighting_Serum_Questions
What precautions should I take when using Zinc PCA serums?,Acne_Fighting_Serum_Questions
Are Zinc PCA serums suitable for use in the morning?,Acne_Fighting_Serum_Questions
What are the common myths about Zinc PCA in skincare?,Acne_Fighting_Serum_Questions
"What is niacinamide, and how does it help with oil control?",Acne_Fighting_Serum_Questions
Can niacinamide serums reduce redness and inflammation?,Acne_Fighting_Serum_Questions
Are niacinamide serums suitable for oily skin?,Acne_Fighting_Serum_Questions
How often should I use a niacinamide serum?,Acne_Fighting_Serum_Questions
Can niacinamide serums help reduce pore size?,Acne_Fighting_Serum_Questions
Do niacinamide serums provide long-term acne prevention?,Acne_Fighting_Serum_Questions
Are there any side effects of using niacinamide serums?,Acne_Fighting_Serum_Questions
What is the best way to apply a niacinamide serum for oil control?,Acne_Fighting_Serum_Questions
Can niacinamide serums help with post-acne scars?,Acne_Fighting_Serum_Questions
Do niacinamide serums improve overall skin texture?,Acne_Fighting_Serum_Questions
Can niacinamide serums be combined with other acne treatments?,Acne_Fighting_Serum_Questions
Are niacinamide serums effective for teenage acne?,Acne_Fighting_Serum_Questions
How do niacinamide serums compare to salicylic acid for acne?,Acne_Fighting_Serum_Questions
Can niacinamide serums help balance the skin barrier?,Acne_Fighting_Serum_Questions
Do niacinamide serums provide hydration for oily skin?,Acne_Fighting_Serum_Questions
Are niacinamide serums suitable for daily use?,Acne_Fighting_Serum_Questions
Can niacinamide serums help with hyperpigmentation from acne?,Acne_Fighting_Serum_Questions
What are the common myths about niacinamide in skincare?,Acne_Fighting_Serum_Questions
Are there precautions to take when using niacinamide serums?,Acne_Fighting_Serum_Questions
Can niacinamide serums be used on combination skin?,Acne_Fighting_Serum_Questions
"What is retinol, and how does it help with anti-aging?",Anti_Aging_Serum_Questions
Can retinol-based serums reduce fine lines and wrinkles?,Anti_Aging_Serum_Questions
How does retinol improve skin texture and tone?,Anti_Aging_Serum_Questions
What is the best way to apply a retinol-based serum?,Anti_Aging_Serum_Questions
Can retinol serums be used on sensitive skin?,Anti_Aging_Serum_Questions
How often should I use a retinol-based serum?,Anti_Aging_Serum_Questions
Are there any side effects of using retinol serums?,Anti_Aging_Serum_Questions
Can retinol serums be used with other active ingredients?,Anti_Aging_Serum_Questions
How long does it take to see results with retinol serums?,Anti_Aging_Serum_Questions
Do retinol serums increase sensitivity to sunlight?,Anti_Aging_Serum_Questions
What precautions should I take when using retinol serums?,Anti_Aging_Serum_Questions
Are retinol serums effective for acne and aging simultaneously?,Anti_Aging_Serum_Questions
Can retinol serums help with hyperpigmentation or dark spots?,Anti_Aging_Serum_Questions
What is the ideal concentration of retinol in an anti-aging serum?,Anti_Aging_Serum_Questions
Can beginners use retinol-based serums without irritation?,Anti_Aging_Serum_Questions
Are retinol serums suitable for use around the eyes?,Anti_Aging_Serum_Questions
Can retinol-based serums prevent premature aging?,Anti_Aging_Serum_Questions
What are some common myths about retinol in skincare?,Anti_Aging_Serum_Questions
Are there natural alternatives to retinol in anti-aging serums?,Anti_Aging_Serum_Questions
How do retinol serums compare to other anti-aging treatments?,Anti_Aging_Serum_Questions
"What are peptides, and how do they benefit the skin?",Anti_Aging_Serum_Questions
Can peptide serums help boost collagen production?,Anti_Aging_Serum_Questions
How do peptides reduce the appearance of fine lines?,Anti_Aging_Serum_Questions
Are peptide serums suitable for all skin types?,Anti_Aging_Serum_Questions
How often should I use a peptide-based serum?,Anti_Aging_Serum_Questions
Can peptide serums be used with other anti-aging ingredients?,Anti_Aging_Serum_Questions
Do peptide serums improve skin elasticity?,Anti_Aging_Serum_Questions
How long does it take to see results with peptide serums?,Anti_Aging_Serum_Questions
What is the best way to apply a peptide-based serum?,Anti_Aging_Serum_Questions
Are peptide serums effective for sagging skin?,Anti_Aging_Serum_Questions
Can peptide serums help with hydration and moisture retention?,Anti_Aging_Serum_Questions
What are the most common types of peptides in serums?,Anti_Aging_Serum_Questions
Can peptide-based serums be used alongside retinol or AHAs?,Anti_Aging_Serum_Questions
Are there any side effects of using peptide serums?,Anti_Aging_Serum_Questions
Do peptide serums help with dark circles or puffiness?,Anti_Aging_Serum_Questions
Can peptide serums help prevent future signs of aging?,Anti_Aging_Serum_Questions
How do peptides compare to other anti-aging ingredients?,Anti_Aging_Serum_Questions
What is the ideal concentration of peptides in a serum?,Anti_Aging_Serum_Questions
Are peptide serums suitable for sensitive skin?,Anti_Aging_Serum_Questions
How do peptides enhance the skin barrier function?,Anti_Aging_Serum_Questions
"What is collagen, and why is it important for youthful skin?",Anti_Aging_Serum_Questions
Can collagen-boosting serums help with skin firmness?,Anti_Aging_Serum_Questions
How do collagen serums work to reduce fine lines?,Anti_Aging_Serum_Questions
Are collagen serums effective for mature skin?,Anti_Aging_Serum_Questions
How often should I use a collagen-boosting serum?,Anti_Aging_Serum_Questions
What is the best way to apply a collagen serum?,Anti_Aging_Serum_Questions
Can collagen serums help improve skin elasticity?,Anti_Aging_Serum_Questions
Do collagen serums provide long-term benefits for the skin?,Anti_Aging_Serum_Questions
Are collagen serums effective for sagging skin?,Anti_Aging_Serum_Questions
Can collagen serums be used with other anti-aging treatments?,Anti_Aging_Serum_Questions
What are the active ingredients in collagen-boosting serums?,Anti_Aging_Serum_Questions
Are there vegan or plant-based alternatives to collagen in serums?,Anti_Aging_Serum_Questions
Can collagen serums be used on the neck and d√©colletage?,Anti_Aging_Serum_Questions
How do collagen serums compare to other anti-aging products?,Anti_Aging_Serum_Questions
Are there any side effects of using collagen-boosting serums?,Anti_Aging_Serum_Questions
Can collagen serums help with skin hydration?,Anti_Aging_Serum_Questions
How long does it take to see results with collagen serums?,Anti_Aging_Serum_Questions
Are collagen serums suitable for all skin types?,Anti_Aging_Serum_Questions
Can collagen serums be used alongside retinol or peptides?,Anti_Aging_Serum_Questions
Do collagen serums help with post-sun damage recovery?,Anti_Aging_Serum_Questions
"What are antioxidants, and how do they benefit the skin?",Anti_Aging_Serum_Questions
Can antioxidant serums protect against environmental damage?,Anti_Aging_Serum_Questions
How does Vitamin C help brighten the skin?,Anti_Aging_Serum_Questions
Are antioxidant serums effective for reducing wrinkles?,Anti_Aging_Serum_Questions
Can Ferulic Acid enhance the benefits of other antioxidants?,Anti_Aging_Serum_Questions
How often should I use an antioxidant-rich serum?,Anti_Aging_Serum_Questions
Do antioxidant serums help prevent premature aging?,Anti_Aging_Serum_Questions
What is the best way to apply Vitamin C serums?,Anti_Aging_Serum_Questions
Are there any side effects of using antioxidant serums?,Anti_Aging_Serum_Questions
Can antioxidant serums be used with sunscreen?,Anti_Aging_Serum_Questions
How long does it take to see results with antioxidant serums?,Anti_Aging_Serum_Questions
Are antioxidant serums effective for hyperpigmentation?,Anti_Aging_Serum_Questions
Can antioxidant serums help repair sun-damaged skin?,Anti_Aging_Serum_Questions
What is the ideal concentration of Vitamin C in serums?,Anti_Aging_Serum_Questions
Are Ferulic Acid serums suitable for sensitive skin?,Anti_Aging_Serum_Questions
Can antioxidant serums be used alongside retinol or peptides?,Anti_Aging_Serum_Questions
Do antioxidant serums help improve overall skin texture?,Anti_Aging_Serum_Questions
Are there natural alternatives to antioxidant serums?,Anti_Aging_Serum_Questions
How do antioxidant serums compare to other anti-aging treatments?,Anti_Aging_Serum_Questions
Can antioxidant serums prevent free radical damage?,Anti_Aging_Serum_Questions
"What are growth factors, and how do they benefit the skin?",Anti_Aging_Serum_Questions
Can growth factor serums help with skin regeneration?,Anti_Aging_Serum_Questions
How do growth factor serums reduce fine lines and wrinkles?,Anti_Aging_Serum_Questions
Are growth factor serums effective for mature skin?,Anti_Aging_Serum_Questions
Can growth factor serums help improve skin elasticity?,Anti_Aging_Serum_Questions
What is the best way to apply a growth factor serum?,Anti_Aging_Serum_Questions
How often should I use a growth factor-based serum?,Anti_Aging_Serum_Questions
Do growth factor serums work well with other anti-aging treatments?,Anti_Aging_Serum_Questions
Are growth factor serums safe for sensitive skin?,Anti_Aging_Serum_Questions
Can growth factor serums help with post-procedure recovery?,Anti_Aging_Serum_Questions
What are the common sources of growth factors in serums?,Anti_Aging_Serum_Questions
Can growth factor serums help with uneven skin tone?,Anti_Aging_Serum_Questions
Are there any side effects of using growth factor-based serums?,Anti_Aging_Serum_Questions
How do growth factor serums compare to retinol or peptides?,Anti_Aging_Serum_Questions
Can growth factor serums be used around the eyes?,Anti_Aging_Serum_Questions
Do growth factor serums provide immediate results?,Anti_Aging_Serum_Questions
Are growth factor serums effective for collagen production?,Anti_Aging_Serum_Questions
What are the differences between plant-derived and synthetic growth factors?,Anti_Aging_Serum_Questions
Can growth factor serums be used with exfoliating products?,Anti_Aging_Serum_Questions
How long does it take to see visible results with growth factor serums?,Anti_Aging_Serum_Questions
"What are AHAs, and how do they work to exfoliate the skin?",Exfoliating_Serum_Questions
Can AHAs like glycolic acid and lactic acid help with hyperpigmentation?,Exfoliating_Serum_Questions
Are AHAs suitable for sensitive skin types?,Exfoliating_Serum_Questions
How often should I use an AHA-based exfoliating serum?,Exfoliating_Serum_Questions
What is the difference between glycolic acid and lactic acid?,Exfoliating_Serum_Questions
Do AHA serums help with fine lines and wrinkles?,Exfoliating_Serum_Questions
Can AHA serums be used with other active ingredients?,Exfoliating_Serum_Questions
What is the best way to apply an AHA serum?,Exfoliating_Serum_Questions
Are there any side effects of using AHA serums?,Exfoliating_Serum_Questions
Can AHA serums be used for acne-prone skin?,Exfoliating_Serum_Questions
Do AHAs improve overall skin texture and tone?,Exfoliating_Serum_Questions
Are AHA serums suitable for daily use?,Exfoliating_Serum_Questions
How do AHAs compare to BHAs in exfoliation?,Exfoliating_Serum_Questions
Can AHAs help with sun-damaged skin?,Exfoliating_Serum_Questions
What is the ideal concentration of AHAs in serums?,Exfoliating_Serum_Questions
Can AHAs be used on the body as well as the face?,Exfoliating_Serum_Questions
Do AHA serums increase sensitivity to sunlight?,Exfoliating_Serum_Questions
What are the common myths about AHAs in skincare?,Exfoliating_Serum_Questions
Can AHA serums help with post-acne marks?,Exfoliating_Serum_Questions
How do AHA serums improve skin hydration while exfoliating?,Exfoliating_Serum_Questions
"What are BHAs, and how do they work to exfoliate the skin?",Exfoliating_Serum_Questions
Can salicylic acid serums help unclog pores?,Exfoliating_Serum_Questions
Are BHA serums effective for oily or acne-prone skin?,Exfoliating_Serum_Questions
How often should I use a BHA-based exfoliating serum?,Exfoliating_Serum_Questions
Do BHA serums help with blackheads and whiteheads?,Exfoliating_Serum_Questions
Are there any side effects of using BHA serums?,Exfoliating_Serum_Questions
What is the ideal concentration of BHAs in serums?,Exfoliating_Serum_Questions
Can BHA serums be combined with AHAs or retinol?,Exfoliating_Serum_Questions
What is the best way to apply a BHA serum?,Exfoliating_Serum_Questions
Can BHA serums help reduce redness and inflammation?,Exfoliating_Serum_Questions
Are BHA serums suitable for sensitive skin?,Exfoliating_Serum_Questions
Do BHA serums improve overall skin texture?,Exfoliating_Serum_Questions
Can BHA serums be used daily?,Exfoliating_Serum_Questions
Do BHAs help with cystic acne?,Exfoliating_Serum_Questions
How do BHAs compare to AHAs in terms of exfoliation?,Exfoliating_Serum_Questions
Can BHA serums help with post-inflammatory hyperpigmentation?,Exfoliating_Serum_Questions
Do BHAs reduce excess oil production in the skin?,Exfoliating_Serum_Questions
Are BHA serums effective for combination skin?,Exfoliating_Serum_Questions
What precautions should I take when using BHA serums?,Exfoliating_Serum_Questions
How long does it take to see results with BHA serums?,Exfoliating_Serum_Questions
"What are enzymatic exfoliators, and how do they work?",Exfoliating_Serum_Questions
Can enzyme-based exfoliators help with uneven skin tone?,Exfoliating_Serum_Questions
Are enzymatic exfoliators suitable for sensitive skin?,Exfoliating_Serum_Questions
How often should I use an enzyme-based exfoliating serum?,Exfoliating_Serum_Questions
Do enzyme-based exfoliators provide gentle exfoliation?,Exfoliating_Serum_Questions
Are there any side effects of using enzyme-based serums?,Exfoliating_Serum_Questions
What is the best way to apply an enzyme-based serum?,Exfoliating_Serum_Questions
Can enzyme-based serums be used with AHAs or BHAs?,Exfoliating_Serum_Questions
What are the benefits of using papaya and pineapple extract for exfoliation?,Exfoliating_Serum_Questions
Do enzyme-based exfoliators improve skin texture?,Exfoliating_Serum_Questions
Are enzyme-based serums suitable for daily use?,Exfoliating_Serum_Questions
Can enzyme-based exfoliators help with dull skin?,Exfoliating_Serum_Questions
What is the difference between enzymatic and chemical exfoliation?,Exfoliating_Serum_Questions
Do enzymatic serums hydrate the skin while exfoliating?,Exfoliating_Serum_Questions
Are enzyme-based exfoliators effective for acne-prone skin?,Exfoliating_Serum_Questions
Can enzymatic exfoliators be used post-sun exposure?,Exfoliating_Serum_Questions
How do enzyme-based serums compare to mechanical exfoliators?,Exfoliating_Serum_Questions
What are the common myths about enzymatic exfoliators?,Exfoliating_Serum_Questions
Can enzyme-based serums help reduce post-acne marks?,Exfoliating_Serum_Questions
Are enzymatic exfoliators suitable for aging skin?,Exfoliating_Serum_Questions
"What are PHAs, and how do they differ from AHAs and BHAs?",Exfoliating_Serum_Questions
Can PHA serums help with sensitive or dry skin?,Exfoliating_Serum_Questions
Are PHA serums effective for exfoliation and hydration?,Exfoliating_Serum_Questions
How often should I use a PHA-based serum?,Exfoliating_Serum_Questions
Do PHA serums provide anti-aging benefits?,Exfoliating_Serum_Questions
Are there any side effects of using PHA serums?,Exfoliating_Serum_Questions
What is the best way to apply a PHA serum?,Exfoliating_Serum_Questions
Can PHA serums be used with other exfoliating ingredients?,Exfoliating_Serum_Questions
Do PHA serums improve overall skin texture?,Exfoliating_Serum_Questions
Are PHA serums suitable for daily use?,Exfoliating_Serum_Questions
Can PHAs help with fine lines and wrinkles?,Exfoliating_Serum_Questions
Do PHA serums enhance skin barrier function?,Exfoliating_Serum_Questions
How do PHAs compare to AHAs for sensitive skin?,Exfoliating_Serum_Questions
Can PHA serums help with uneven skin tone?,Exfoliating_Serum_Questions
What is the ideal concentration of PHAs in serums?,Exfoliating_Serum_Questions
Do PHA serums reduce redness and irritation?,Exfoliating_Serum_Questions
Can PHAs be used for post-sun damage recovery?,Exfoliating_Serum_Questions
Are PHA serums effective for mature skin?,Exfoliating_Serum_Questions
What are the common myths about PHAs in skincare?,Exfoliating_Serum_Questions
Can PHAs help with long-term skin hydration?,Exfoliating_Serum_Questions
"What is retinol, and how does it work as an exfoliating agent?",Exfoliating_Serum_Questions
Can retinol-based serums reduce fine lines and wrinkles?,Exfoliating_Serum_Questions
Are retinol serums effective for acne-prone skin?,Exfoliating_Serum_Questions
How often should I use a retinol-based exfoliating serum?,Exfoliating_Serum_Questions
Do retinol serums help with hyperpigmentation and dark spots?,Exfoliating_Serum_Questions
Are there any side effects of using retinol-based serums?,Exfoliating_Serum_Questions
What is the best way to apply a retinol serum?,Exfoliating_Serum_Questions
Can retinol serums be combined with other exfoliating agents?,Exfoliating_Serum_Questions
Do retinol serums provide long-term skin renewal benefits?,Exfoliating_Serum_Questions
Are retinol serums suitable for sensitive skin?,Exfoliating_Serum_Questions
Do retinol serums improve skin texture and tone?,Exfoliating_Serum_Questions
Can retinol serums be used with hydrating products?,Exfoliating_Serum_Questions
What precautions should I take when using retinol serums?,Exfoliating_Serum_Questions
Are retinol serums effective for aging skin?,Exfoliating_Serum_Questions
Do retinol serums increase sensitivity to sunlight?,Exfoliating_Serum_Questions
Can retinol serums help with post-acne marks?,Exfoliating_Serum_Questions
What is the ideal concentration of retinol in serums?,Exfoliating_Serum_Questions
Are retinol serums suitable for use around the eyes?,Exfoliating_Serum_Questions
How long does it take to see results with retinol serums?,Exfoliating_Serum_Questions
What are the common myths about retinol in skincare?,Exfoliating_Serum_Questions
"What is hyaluronic acid, and how does it hydrate the skin?",Hydrating_Serum_Questions
Can hyaluronic acid serums be used on all skin types?,Hydrating_Serum_Questions
How often should I use a hyaluronic acid serum?,Hydrating_Serum_Questions
Do hyaluronic acid serums help reduce fine lines and wrinkles?,Hydrating_Serum_Questions
Are there any side effects of using hyaluronic acid serums?,Hydrating_Serum_Questions
What is the best way to apply a hyaluronic acid serum?,Hydrating_Serum_Questions
Can hyaluronic acid serums improve skin elasticity?,Hydrating_Serum_Questions
Do hyaluronic acid serums provide long-term hydration?,Hydrating_Serum_Questions
Can hyaluronic acid serums be used with other skincare products?,Hydrating_Serum_Questions
What is the ideal concentration of hyaluronic acid in serums?,Hydrating_Serum_Questions
Are hyaluronic acid serums effective for oily skin?,Hydrating_Serum_Questions
Can hyaluronic acid serums help with dry and flaky skin?,Hydrating_Serum_Questions
Do hyaluronic acid serums improve overall skin texture?,Hydrating_Serum_Questions
Are hyaluronic acid serums suitable for use in humid climates?,Hydrating_Serum_Questions
What are the common myths about hyaluronic acid in skincare?,Hydrating_Serum_Questions
Can hyaluronic acid serums be used under makeup?,Hydrating_Serum_Questions
Do hyaluronic acid serums provide instant hydration?,Hydrating_Serum_Questions
Are hyaluronic acid serums suitable for sensitive skin?,Hydrating_Serum_Questions
Can hyaluronic acid serums be used in the morning and evening?,Hydrating_Serum_Questions
How do hyaluronic acid serums compare to moisturizers for hydration?,Hydrating_Serum_Questions
"What is glycerin, and how does it hydrate the skin?",Hydrating_Serum_Questions
Can glycerin-based serums help improve skin barrier function?,Hydrating_Serum_Questions
Are glycerin-based serums suitable for all skin types?,Hydrating_Serum_Questions
How often should I use a glycerin-based serum?,Hydrating_Serum_Questions
Can glycerin-based serums be combined with other hydrating ingredients?,Hydrating_Serum_Questions
Do glycerin-based serums help with dry and rough skin?,Hydrating_Serum_Questions
What is the best way to apply a glycerin-based serum?,Hydrating_Serum_Questions
Are glycerin-based serums effective for oily or combination skin?,Hydrating_Serum_Questions
Can glycerin-based serums be used under makeup?,Hydrating_Serum_Questions
Do glycerin-based serums improve skin elasticity?,Hydrating_Serum_Questions
Are there any side effects of using glycerin-based serums?,Hydrating_Serum_Questions
Can glycerin-based serums help reduce redness and irritation?,Hydrating_Serum_Questions
Do glycerin-based serums provide long-lasting hydration?,Hydrating_Serum_Questions
Are glycerin-based serums suitable for use in cold weather?,Hydrating_Serum_Questions
Can glycerin-based serums be used with hyaluronic acid serums?,Hydrating_Serum_Questions
What are the common myths about glycerin in skincare?,Hydrating_Serum_Questions
Do glycerin-based serums help with aging-related dryness?,Hydrating_Serum_Questions
Can glycerin-based serums be used on sensitive skin?,Hydrating_Serum_Questions
How do glycerin-based serums compare to hyaluronic acid serums?,Hydrating_Serum_Questions
Are glycerin-based serums suitable for daily use?,Hydrating_Serum_Questions
"What are ceramides, and how do they benefit the skin?",Hydrating_Serum_Questions
Can ceramide-enriched serums help restore the skin barrier?,Hydrating_Serum_Questions
Are ceramide-enriched serums effective for dry skin?,Hydrating_Serum_Questions
How often should I use a ceramide-enriched serum?,Hydrating_Serum_Questions
Can ceramide-enriched serums be used on sensitive skin?,Hydrating_Serum_Questions
Do ceramide-enriched serums help with skin hydration?,Hydrating_Serum_Questions
What is the best way to apply a ceramide-enriched serum?,Hydrating_Serum_Questions
Are ceramide-enriched serums suitable for oily or combination skin?,Hydrating_Serum_Questions
Can ceramide-enriched serums be combined with other skincare products?,Hydrating_Serum_Questions
Do ceramide-enriched serums provide long-term benefits?,Hydrating_Serum_Questions
Are there any side effects of using ceramide-enriched serums?,Hydrating_Serum_Questions
Can ceramide-enriched serums help with aging-related skin issues?,Hydrating_Serum_Questions
Do ceramide-enriched serums improve skin texture and elasticity?,Hydrating_Serum_Questions
What are the common myths about ceramides in skincare?,Hydrating_Serum_Questions
Are ceramide-enriched serums effective for post-sun damage recovery?,Hydrating_Serum_Questions
Can ceramide-enriched serums be used under makeup?,Hydrating_Serum_Questions
Do ceramide-enriched serums help with redness and irritation?,Hydrating_Serum_Questions
Are ceramide-enriched serums suitable for use in dry climates?,Hydrating_Serum_Questions
How do ceramide-enriched serums compare to other hydrating serums?,Hydrating_Serum_Questions
Can ceramide-enriched serums help with eczema-prone skin?,Hydrating_Serum_Questions
What are the benefits of aloe vera for skin hydration?,Hydrating_Serum_Questions
Can aloe vera serums be used on all skin types?,Hydrating_Serum_Questions
How often should I use an aloe vera-based serum?,Hydrating_Serum_Questions
Do aloe vera serums help soothe irritated or inflamed skin?,Hydrating_Serum_Questions
Are there any side effects of using aloe vera serums?,Hydrating_Serum_Questions
What is the best way to apply an aloe vera serum?,Hydrating_Serum_Questions
Can aloe vera serums help with dry and flaky skin?,Hydrating_Serum_Questions
Do aloe vera serums improve overall skin texture?,Hydrating_Serum_Questions
Are aloe vera serums suitable for use in hot and humid climates?,Hydrating_Serum_Questions
Can aloe vera serums be used with other hydrating ingredients?,Hydrating_Serum_Questions
Do aloe vera serums provide instant soothing effects?,Hydrating_Serum_Questions
Are aloe vera serums effective for post-sun exposure care?,Hydrating_Serum_Questions
What are the common myths about aloe vera in skincare?,Hydrating_Serum_Questions
Can aloe vera serums be used under makeup?,Hydrating_Serum_Questions
Do aloe vera serums help with redness and irritation?,Hydrating_Serum_Questions
Are aloe vera serums suitable for daily use?,Hydrating_Serum_Questions
Can aloe vera serums improve skin elasticity?,Hydrating_Serum_Questions
Are there other plant-based ingredients that work similarly to aloe vera?,Hydrating_Serum_Questions
How do aloe vera serums compare to other hydrating serums?,Hydrating_Serum_Questions
Can aloe vera serums be used on sensitive skin?,Hydrating_Serum_Questions
"What is panthenol, and how does it benefit the skin?",Hydrating_Serum_Questions
Can panthenol serums help soothe and hydrate the skin?,Hydrating_Serum_Questions
Are panthenol serums suitable for all skin types?,Hydrating_Serum_Questions
How often should I use a panthenol-based serum?,Hydrating_Serum_Questions
Can panthenol serums be combined with other hydrating products?,Hydrating_Serum_Questions
Do panthenol serums help reduce redness and irritation?,Hydrating_Serum_Questions
What is the best way to apply a panthenol serum?,Hydrating_Serum_Questions
Are panthenol serums effective for aging-related dryness?,Hydrating_Serum_Questions
Can panthenol serums help with post-sunburn recovery?,Hydrating_Serum_Questions
Do panthenol serums improve skin texture and elasticity?,Hydrating_Serum_Questions
Are there any side effects of using panthenol serums?,Hydrating_Serum_Questions
Can panthenol serums be used on sensitive or irritated skin?,Hydrating_Serum_Questions
Do panthenol serums help strengthen the skin barrier?,Hydrating_Serum_Questions
Are panthenol serums suitable for use in cold and dry climates?,Hydrating_Serum_Questions
What are the common myths about panthenol in skincare?,Hydrating_Serum_Questions
Can panthenol serums be used under makeup?,Hydrating_Serum_Questions
Do panthenol serums provide long-term hydration?,Hydrating_Serum_Questions
How do panthenol serums compare to other hydrating serums?,Hydrating_Serum_Questions
Are panthenol serums effective for treating eczema-prone skin?,Hydrating_Serum_Questions
Can panthenol serums help with flaky or rough skin?,Hydrating_Serum_Questions
"What are ceramides, and how do they help repair the skin barrier?",Repairative_and_Renewing_Serum_Questions
Can ceramide serums improve skin hydration?,Repairative_and_Renewing_Serum_Questions
Are ceramide-based serums effective for sensitive skin?,Repairative_and_Renewing_Serum_Questions
How often should I use a ceramide repair serum?,Repairative_and_Renewing_Serum_Questions
Do ceramide serums help with redness and irritation?,Repairative_and_Renewing_Serum_Questions
What is the best way to apply a ceramide-based serum?,Repairative_and_Renewing_Serum_Questions
Are ceramide serums suitable for dry and flaky skin?,Repairative_and_Renewing_Serum_Questions
Can ceramide serums help with aging-related skin issues?,Repairative_and_Renewing_Serum_Questions
Do ceramide-based serums provide long-term benefits?,Repairative_and_Renewing_Serum_Questions
Are ceramide serums effective for post-sun damage recovery?,Repairative_and_Renewing_Serum_Questions
Can ceramide serums be used with other skincare products?,Repairative_and_Renewing_Serum_Questions
What are the common myths about ceramides in skincare?,Repairative_and_Renewing_Serum_Questions
Are there any side effects of using ceramide-based serums?,Repairative_and_Renewing_Serum_Questions
Do ceramide serums improve overall skin texture?,Repairative_and_Renewing_Serum_Questions
Are ceramide serums suitable for use in cold climates?,Repairative_and_Renewing_Serum_Questions
How do ceramide serums compare to hydrating serums?,Repairative_and_Renewing_Serum_Questions
Can ceramide serums help with eczema-prone skin?,Repairative_and_Renewing_Serum_Questions
Are ceramide-based serums effective for barrier repair after exfoliation?,Repairative_and_Renewing_Serum_Questions
What is the role of ceramides in anti-aging skincare?,Repairative_and_Renewing_Serum_Questions
How long does it take to see results with ceramide serums?,Repairative_and_Renewing_Serum_Questions
"What is resveratrol, and how does it benefit the skin?",Repairative_and_Renewing_Serum_Questions
Can resveratrol serums help with skin repair and renewal?,Repairative_and_Renewing_Serum_Questions
Are polyphenol serums effective for reducing inflammation?,Repairative_and_Renewing_Serum_Questions
How often should I use a resveratrol-based serum?,Repairative_and_Renewing_Serum_Questions
Do resveratrol serums provide antioxidant protection?,Repairative_and_Renewing_Serum_Questions
Are polyphenol serums suitable for sensitive skin?,Repairative_and_Renewing_Serum_Questions
What is the best way to apply a resveratrol serum?,Repairative_and_Renewing_Serum_Questions
Can resveratrol serums help with signs of aging?,Repairative_and_Renewing_Serum_Questions
Do polyphenol serums improve skin texture and elasticity?,Repairative_and_Renewing_Serum_Questions
Are resveratrol serums effective for post-sun exposure care?,Repairative_and_Renewing_Serum_Questions
Can polyphenol serums be combined with other active ingredients?,Repairative_and_Renewing_Serum_Questions
Do resveratrol serums help with redness and irritation?,Repairative_and_Renewing_Serum_Questions
What are the common myths about resveratrol in skincare?,Repairative_and_Renewing_Serum_Questions
Are polyphenol serums suitable for daily use?,Repairative_and_Renewing_Serum_Questions
Do resveratrol serums improve overall skin tone?,Repairative_and_Renewing_Serum_Questions
Are there any side effects of using resveratrol serums?,Repairative_and_Renewing_Serum_Questions
Can polyphenol serums help with fine lines and wrinkles?,Repairative_and_Renewing_Serum_Questions
How do resveratrol serums compare to Vitamin C serums?,Repairative_and_Renewing_Serum_Questions
What is the role of resveratrol in anti-aging skincare?,Repairative_and_Renewing_Serum_Questions
Can resveratrol serums be used under sunscreen for added protection?,Repairative_and_Renewing_Serum_Questions
"What are essential fatty acids, and how do they benefit the skin?",Repairative_and_Renewing_Serum_Questions
Can fatty acid serums help repair the skin barrier?,Repairative_and_Renewing_Serum_Questions
Are essential fatty acid serums suitable for dry and sensitive skin?,Repairative_and_Renewing_Serum_Questions
How often should I use a fatty acid-enriched serum?,Repairative_and_Renewing_Serum_Questions
Do fatty acid serums improve skin hydration and elasticity?,Repairative_and_Renewing_Serum_Questions
What is the best way to apply an essential fatty acid serum?,Repairative_and_Renewing_Serum_Questions
Are fatty acid serums effective for post-sun damage recovery?,Repairative_and_Renewing_Serum_Questions
Can essential fatty acid serums help with redness and irritation?,Repairative_and_Renewing_Serum_Questions
Do fatty acid serums work well for mature skin?,Repairative_and_Renewing_Serum_Questions
Are there any side effects of using essential fatty acid serums?,Repairative_and_Renewing_Serum_Questions
Can fatty acid serums be used with other skincare products?,Repairative_and_Renewing_Serum_Questions
What are the common myths about fatty acids in skincare?,Repairative_and_Renewing_Serum_Questions
Do fatty acid serums provide long-term benefits?,Repairative_and_Renewing_Serum_Questions
Are fatty acid serums suitable for use in cold and dry climates?,Repairative_and_Renewing_Serum_Questions
Can essential fatty acid serums help with eczema-prone skin?,Repairative_and_Renewing_Serum_Questions
Are fatty acid serums effective for anti-aging skincare?,Repairative_and_Renewing_Serum_Questions
How do fatty acid serums compare to ceramide-based serums?,Repairative_and_Renewing_Serum_Questions
Do fatty acid serums improve overall skin texture?,Repairative_and_Renewing_Serum_Questions
What is the role of essential fatty acids in skin repair?,Repairative_and_Renewing_Serum_Questions
Can fatty acid serums help with flaky or rough skin?,Repairative_and_Renewing_Serum_Questions
"What are stem cell serums, and how do they work for skin repair?",Repairative_and_Renewing_Serum_Questions
Can stem cell serums help with anti-aging and renewal?,Repairative_and_Renewing_Serum_Questions
Are plant-based stem cell serums effective for sensitive skin?,Repairative_and_Renewing_Serum_Questions
How often should I use a stem cell serum?,Repairative_and_Renewing_Serum_Questions
Do stem cell serums improve skin texture and tone?,Repairative_and_Renewing_Serum_Questions
What is the best way to apply a stem cell serum?,Repairative_and_Renewing_Serum_Questions
Can stem cell serums help with fine lines and wrinkles?,Repairative_and_Renewing_Serum_Questions
Do stem cell serums provide long-term skin benefits?,Repairative_and_Renewing_Serum_Questions
Are there any side effects of using stem cell serums?,Repairative_and_Renewing_Serum_Questions
Can stem cell serums be combined with other active ingredients?,Repairative_and_Renewing_Serum_Questions
Do stem cell serums help with redness and irritation?,Repairative_and_Renewing_Serum_Questions
Are stem cell serums effective for post-sun damage care?,Repairative_and_Renewing_Serum_Questions
What are the common myths about stem cell serums in skincare?,Repairative_and_Renewing_Serum_Questions
Can stem cell serums be used under makeup?,Repairative_and_Renewing_Serum_Questions
Do stem cell serums work well for mature skin?,Repairative_and_Renewing_Serum_Questions
How do stem cell serums compare to retinol for skin renewal?,Repairative_and_Renewing_Serum_Questions
Are stem cell serums suitable for daily use?,Repairative_and_Renewing_Serum_Questions
What is the role of stem cells in anti-aging skincare?,Repairative_and_Renewing_Serum_Questions
Can stem cell serums help with elasticity and firmness?,Repairative_and_Renewing_Serum_Questions
Are stem cell serums effective for repairing damaged skin?,Repairative_and_Renewing_Serum_Questions
What are the benefits of green tea serums for skin repair?,Repairative_and_Renewing_Serum_Questions
Can botanical serums help soothe redness and irritation?,Repairative_and_Renewing_Serum_Questions
Are green tea serums effective for sensitive skin?,Repairative_and_Renewing_Serum_Questions
How often should I use a green tea-based serum?,Repairative_and_Renewing_Serum_Questions
Do green tea serums provide antioxidant protection?,Repairative_and_Renewing_Serum_Questions
What is the best way to apply a botanical repair serum?,Repairative_and_Renewing_Serum_Questions
Can green tea serums help with post-sun exposure care?,Repairative_and_Renewing_Serum_Questions
Do botanical serums improve skin texture and tone?,Repairative_and_Renewing_Serum_Questions
Are green tea serums effective for aging skin?,Repairative_and_Renewing_Serum_Questions
Can botanical repair serums help with fine lines and wrinkles?,Repairative_and_Renewing_Serum_Questions
Are there any side effects of using green tea serums?,Repairative_and_Renewing_Serum_Questions
Do botanical serums provide long-term skin benefits?,Repairative_and_Renewing_Serum_Questions
What are the common myths about green tea in skincare?,Repairative_and_Renewing_Serum_Questions
Are green tea serums suitable for daily use?,Repairative_and_Renewing_Serum_Questions
Do green tea serums work well with other skincare products?,Repairative_and_Renewing_Serum_Questions
Can botanical serums help with acne-prone skin?,Repairative_and_Renewing_Serum_Questions
How do green tea serums compare to resveratrol serums?,Repairative_and_Renewing_Serum_Questions
Are botanical serums suitable for use in humid climates?,Repairative_and_Renewing_Serum_Questions
Can green tea serums help repair the skin barrier?,Repairative_and_Renewing_Serum_Questions
What is the role of green tea in anti-aging skincare?,Repairative_and_Renewing_Serum_Questions
What are the benefits of Vitamin C serums for skin brightening?,Skin_Brightening_Serum_Questions
How does Vitamin C reduce hyperpigmentation and dark spots?,Skin_Brightening_Serum_Questions
Can Vitamin C serums be used on sensitive skin?,Skin_Brightening_Serum_Questions
What is the ideal concentration of Vitamin C in serums?,Skin_Brightening_Serum_Questions
How often should I use a Vitamin C serum?,Skin_Brightening_Serum_Questions
Are there any side effects of using Vitamin C serums?,Skin_Brightening_Serum_Questions
Can Vitamin C serums help with uneven skin tone?,Skin_Brightening_Serum_Questions
Do Vitamin C serums protect against sun damage?,Skin_Brightening_Serum_Questions
What is the best time to apply a Vitamin C serum?,Skin_Brightening_Serum_Questions
Can Vitamin C serums be combined with other brightening ingredients?,Skin_Brightening_Serum_Questions
How long does it take to see results with Vitamin C serums?,Skin_Brightening_Serum_Questions
Are Vitamin C serums suitable for oily or acne-prone skin?,Skin_Brightening_Serum_Questions
Can Vitamin C serums help improve overall skin texture?,Skin_Brightening_Serum_Questions
What are the different types of Vitamin C used in serums?,Skin_Brightening_Serum_Questions
Can Vitamin C serums be used alongside sunscreen?,Skin_Brightening_Serum_Questions
Are there any precautions to take when using Vitamin C serums?,Skin_Brightening_Serum_Questions
Do Vitamin C serums work well with retinol or AHAs?,Skin_Brightening_Serum_Questions
How do Vitamin C serums compare to other skin brightening treatments?,Skin_Brightening_Serum_Questions
What are the common myths about Vitamin C in skincare?,Skin_Brightening_Serum_Questions
Can Vitamin C serums help with post-acne marks?,Skin_Brightening_Serum_Questions
"What is niacinamide, and how does it benefit the skin?",Skin_Brightening_Serum_Questions
Can niacinamide serums help reduce redness and inflammation?,Skin_Brightening_Serum_Questions
How does niacinamide improve skin tone and brightness?,Skin_Brightening_Serum_Questions
Are niacinamide serums suitable for all skin types?,Skin_Brightening_Serum_Questions
What is the best way to apply a niacinamide serum?,Skin_Brightening_Serum_Questions
Can niacinamide serums help with acne and post-acne marks?,Skin_Brightening_Serum_Questions
How often should I use a niacinamide-based serum?,Skin_Brightening_Serum_Questions
Are there any side effects of using niacinamide serums?,Skin_Brightening_Serum_Questions
Can niacinamide serums be combined with Vitamin C serums?,Skin_Brightening_Serum_Questions
Do niacinamide serums help with pore size and oil control?,Skin_Brightening_Serum_Questions
What is the ideal concentration of niacinamide in serums?,Skin_Brightening_Serum_Questions
How long does it take to see results with niacinamide serums?,Skin_Brightening_Serum_Questions
Are niacinamide serums effective for hyperpigmentation?,Skin_Brightening_Serum_Questions
Can niacinamide serums help strengthen the skin barrier?,Skin_Brightening_Serum_Questions
Do niacinamide serums work well with other active ingredients?,Skin_Brightening_Serum_Questions
What are the benefits of niacinamide for aging skin?,Skin_Brightening_Serum_Questions
Can niacinamide serums help with melasma or dark spots?,Skin_Brightening_Serum_Questions
Are niacinamide serums suitable for sensitive skin?,Skin_Brightening_Serum_Questions
What are the common myths about niacinamide in skincare?,Skin_Brightening_Serum_Questions
How do niacinamide serums compare to other brightening serums?,Skin_Brightening_Serum_Questions
"What is kojic acid, and how does it work for skin brightening?",Skin_Brightening_Serum_Questions
Can kojic acid serums reduce dark spots and pigmentation?,Skin_Brightening_Serum_Questions
Are kojic acid serums effective for melasma treatment?,Skin_Brightening_Serum_Questions
How often should I use a kojic acid-based serum?,Skin_Brightening_Serum_Questions
Are there any side effects of using kojic acid serums?,Skin_Brightening_Serum_Questions
Can kojic acid serums be used on sensitive skin?,Skin_Brightening_Serum_Questions
What is the best way to apply a kojic acid serum?,Skin_Brightening_Serum_Questions
Do kojic acid serums provide long-term brightening benefits?,Skin_Brightening_Serum_Questions
Can kojic acid serums be combined with other brightening agents?,Skin_Brightening_Serum_Questions
How long does it take to see results with kojic acid serums?,Skin_Brightening_Serum_Questions
Are kojic acid serums effective for acne scars?,Skin_Brightening_Serum_Questions
Can kojic acid serums help with overall skin tone improvement?,Skin_Brightening_Serum_Questions
What is the ideal concentration of kojic acid in serums?,Skin_Brightening_Serum_Questions
Are there any precautions to take when using kojic acid serums?,Skin_Brightening_Serum_Questions
Can kojic acid serums be used with retinol or AHAs?,Skin_Brightening_Serum_Questions
Do kojic acid serums work well with Vitamin C products?,Skin_Brightening_Serum_Questions
Are kojic acid serums suitable for use in the morning?,Skin_Brightening_Serum_Questions
How do kojic acid serums compare to other skin brightening serums?,Skin_Brightening_Serum_Questions
Can kojic acid serums help with sun damage repair?,Skin_Brightening_Serum_Questions
What are the common myths about kojic acid in skincare?,Skin_Brightening_Serum_Questions
"What is alpha arbutin, and how does it help with skin brightening?",Skin_Brightening_Serum_Questions
Can alpha arbutin serums reduce hyperpigmentation and dark spots?,Skin_Brightening_Serum_Questions
Are alpha arbutin serums effective for melasma treatment?,Skin_Brightening_Serum_Questions
How often should I use an alpha arbutin serum?,Skin_Brightening_Serum_Questions
Are there any side effects of using alpha arbutin serums?,Skin_Brightening_Serum_Questions
Can alpha arbutin serums be used on sensitive skin?,Skin_Brightening_Serum_Questions
What is the best way to apply an alpha arbutin serum?,Skin_Brightening_Serum_Questions
Can alpha arbutin serums be combined with Vitamin C serums?,Skin_Brightening_Serum_Questions
Do alpha arbutin serums provide long-term brightening benefits?,Skin_Brightening_Serum_Questions
How long does it take to see results with alpha arbutin serums?,Skin_Brightening_Serum_Questions
Are alpha arbutin serums effective for acne scars?,Skin_Brightening_Serum_Questions
Can alpha arbutin serums help improve overall skin tone?,Skin_Brightening_Serum_Questions
What is the ideal concentration of alpha arbutin in serums?,Skin_Brightening_Serum_Questions
Are there any precautions to take when using alpha arbutin serums?,Skin_Brightening_Serum_Questions
Do alpha arbutin serums work well with retinol or AHAs?,Skin_Brightening_Serum_Questions
Are alpha arbutin serums suitable for oily or acne-prone skin?,Skin_Brightening_Serum_Questions
Can alpha arbutin serums help with post-inflammatory pigmentation?,Skin_Brightening_Serum_Questions
What are the common myths about alpha arbutin in skincare?,Skin_Brightening_Serum_Questions
Are alpha arbutin serums suitable for daily use?,Skin_Brightening_Serum_Questions
How do alpha arbutin serums compare to other brightening agents?,Skin_Brightening_Serum_Questions
"What are enzyme-based serums, and how do they brighten the skin?",Skin_Brightening_Serum_Questions
Can enzyme-based serums help with uneven skin tone?,Skin_Brightening_Serum_Questions
How do enzymes like papaya and pineapple extract benefit the skin?,Skin_Brightening_Serum_Questions
Are enzyme-based serums suitable for sensitive skin?,Skin_Brightening_Serum_Questions
How often should I use an enzyme-based brightening serum?,Skin_Brightening_Serum_Questions
Are there any side effects of using enzyme-based serums?,Skin_Brightening_Serum_Questions
What is the best way to apply an enzyme-based serum?,Skin_Brightening_Serum_Questions
Do enzyme-based serums provide long-term brightening benefits?,Skin_Brightening_Serum_Questions
Can enzyme-based serums help with hyperpigmentation?,Skin_Brightening_Serum_Questions
How long does it take to see results with enzyme-based serums?,Skin_Brightening_Serum_Questions
Are enzyme-based serums effective for acne scars?,Skin_Brightening_Serum_Questions
Can enzyme-based serums help improve overall skin texture?,Skin_Brightening_Serum_Questions
What are the ideal ingredients to look for in enzyme-based serums?,Skin_Brightening_Serum_Questions
Are there any precautions to take when using enzyme-based serums?,Skin_Brightening_Serum_Questions
Can enzyme-based serums be combined with chemical exfoliants?,Skin_Brightening_Serum_Questions
Do enzyme-based serums work well with Vitamin C products?,Skin_Brightening_Serum_Questions
Are enzyme-based serums suitable for post-sun exposure care?,Skin_Brightening_Serum_Questions
How do enzyme-based serums compare to chemical brightening agents?,Skin_Brightening_Serum_Questions
Can enzyme-based serums help with dullness and lack of radiance?,Skin_Brightening_Serum_Questions
What are the common myths about enzyme-based skincare products?,Skin_Brightening_Serum_Questions
What are the skin benefits of chamomile-based serums?,Soothing_and_Calming_Serum_Questions
Can chamomile serums help reduce redness and irritation?,Soothing_and_Calming_Serum_Questions
Are chamomile-based serums suitable for sensitive skin?,Soothing_and_Calming_Serum_Questions
How does chamomile work to soothe inflamed skin?,Soothing_and_Calming_Serum_Questions
Can chamomile serums help with sunburn recovery?,Soothing_and_Calming_Serum_Questions
Are chamomile-based serums effective for rosacea-prone skin?,Soothing_and_Calming_Serum_Questions
How often should I use a chamomile-based serum?,Soothing_and_Calming_Serum_Questions
Can chamomile serums be combined with other calming ingredients?,Soothing_and_Calming_Serum_Questions
What are the common active compounds in chamomile-based serums?,Soothing_and_Calming_Serum_Questions
Do chamomile serums improve skin hydration?,Soothing_and_Calming_Serum_Questions
Can chamomile serums be used as post-procedure skincare?,Soothing_and_Calming_Serum_Questions
What is the best way to apply chamomile-based serums?,Soothing_and_Calming_Serum_Questions
Are there any side effects of using chamomile on the skin?,Soothing_and_Calming_Serum_Questions
How long does it take to see results with chamomile serums?,Soothing_and_Calming_Serum_Questions
Can chamomile serums help with acne or acne scars?,Soothing_and_Calming_Serum_Questions
Do chamomile serums provide long-term soothing benefits?,Soothing_and_Calming_Serum_Questions
Are chamomile serums effective for aging skin?,Soothing_and_Calming_Serum_Questions
Can chamomile serums be used daily?,Soothing_and_Calming_Serum_Questions
Do chamomile serums help with overall skin texture?,Soothing_and_Calming_Serum_Questions
Are chamomile-based serums suitable for all seasons?,Soothing_and_Calming_Serum_Questions
"What is Centella Asiatica, and how does it benefit the skin?",Soothing_and_Calming_Serum_Questions
Can Cica serums help strengthen the skin barrier?,Soothing_and_Calming_Serum_Questions
Are Centella Asiatica serums effective for reducing inflammation?,Soothing_and_Calming_Serum_Questions
How does Centella Asiatica promote wound healing?,Soothing_and_Calming_Serum_Questions
Are Cica serums suitable for sensitive and irritated skin?,Soothing_and_Calming_Serum_Questions
Can Centella Asiatica serums help with redness and rosacea?,Soothing_and_Calming_Serum_Questions
How often should I use a Cica-based serum?,Soothing_and_Calming_Serum_Questions
Can Cica serums be combined with retinol or exfoliating products?,Soothing_and_Calming_Serum_Questions
Do Centella Asiatica serums provide anti-aging benefits?,Soothing_and_Calming_Serum_Questions
What is the best way to incorporate Cica serums into a skincare routine?,Soothing_and_Calming_Serum_Questions
Can Centella Asiatica serums help repair damaged skin?,Soothing_and_Calming_Serum_Questions
What are the common active compounds in Centella Asiatica serums?,Soothing_and_Calming_Serum_Questions
Are Cica serums suitable for post-sun exposure care?,Soothing_and_Calming_Serum_Questions
How do Centella Asiatica serums improve hydration levels?,Soothing_and_Calming_Serum_Questions
Are Cica serums effective for calming acne-prone skin?,Soothing_and_Calming_Serum_Questions
Do Cica serums help with post-acne marks?,Soothing_and_Calming_Serum_Questions
Are Cica serums suitable for daily use?,Soothing_and_Calming_Serum_Questions
Can Centella Asiatica serums be used with hydrating serums?,Soothing_and_Calming_Serum_Questions
How long does it take to see results with Cica serums?,Soothing_and_Calming_Serum_Questions
Do Cica serums provide long-term skin barrier support?,Soothing_and_Calming_Serum_Questions
What are the primary skin benefits of aloe vera-based serums?,Soothing_and_Calming_Serum_Questions
Can aloe vera serums help soothe irritated or inflamed skin?,Soothing_and_Calming_Serum_Questions
Are aloe vera serums effective for dry and sensitive skin?,Soothing_and_Calming_Serum_Questions
How does aloe vera help improve skin hydration?,Soothing_and_Calming_Serum_Questions
Can aloe vera serums be used daily for long-term benefits?,Soothing_and_Calming_Serum_Questions
Do aloe vera serums provide relief from sunburns?,Soothing_and_Calming_Serum_Questions
Can aloe vera serums help reduce redness caused by acne?,Soothing_and_Calming_Serum_Questions
How do aloe vera serums improve skin texture and elasticity?,Soothing_and_Calming_Serum_Questions
Are aloe vera serums suitable for oily or combination skin?,Soothing_and_Calming_Serum_Questions
What is the best way to apply aloe vera-based serums?,Soothing_and_Calming_Serum_Questions
Can aloe vera serums be layered with other skincare products?,Soothing_and_Calming_Serum_Questions
What are the common active compounds in aloe vera serums?,Soothing_and_Calming_Serum_Questions
Are aloe vera serums effective as a post-shaving treatment?,Soothing_and_Calming_Serum_Questions
How long does it take to see results with aloe vera serums?,Soothing_and_Calming_Serum_Questions
Can aloe vera serums help minimize the appearance of scars?,Soothing_and_Calming_Serum_Questions
Do aloe vera serums provide soothing effects for sun-damaged skin?,Soothing_and_Calming_Serum_Questions
Are aloe vera serums suitable for all skin types?,Soothing_and_Calming_Serum_Questions
Can aloe vera serums be used under makeup?,Soothing_and_Calming_Serum_Questions
Do aloe vera serums provide long-term hydration?,Soothing_and_Calming_Serum_Questions
Are aloe vera serums effective for aging skin?,Soothing_and_Calming_Serum_Questions
What are the benefits of licorice root extract for the skin?,Soothing_and_Calming_Serum_Questions
Can licorice root serums help brighten uneven skin tone?,Soothing_and_Calming_Serum_Questions
How does licorice root extract reduce redness and irritation?,Soothing_and_Calming_Serum_Questions
Are licorice root serums effective for sensitive skin?,Soothing_and_Calming_Serum_Questions
Can licorice root serums help with hyperpigmentation?,Soothing_and_Calming_Serum_Questions
How often should I use a licorice root-based serum?,Soothing_and_Calming_Serum_Questions
Are licorice root serums suitable for acne-prone skin?,Soothing_and_Calming_Serum_Questions
Do licorice root serums provide anti-inflammatory benefits?,Soothing_and_Calming_Serum_Questions
What are the active compounds in licorice root serums?,Soothing_and_Calming_Serum_Questions
Can licorice root serums help with dark circles under the eyes?,Soothing_and_Calming_Serum_Questions
Are there any side effects of using licorice root serums?,Soothing_and_Calming_Serum_Questions
How do licorice root serums improve overall skin tone?,Soothing_and_Calming_Serum_Questions
Can licorice root serums be combined with Vitamin C products?,Soothing_and_Calming_Serum_Questions
Are licorice root serums effective for post-inflammatory hyperpigmentation?,Soothing_and_Calming_Serum_Questions
How do licorice root serums compare to other brightening ingredients?,Soothing_and_Calming_Serum_Questions
Do licorice root serums work well with hydrating serums?,Soothing_and_Calming_Serum_Questions
Can licorice root serums be used daily?,Soothing_and_Calming_Serum_Questions
Do licorice root serums help with acne scars?,Soothing_and_Calming_Serum_Questions
Are licorice root serums suitable for all skin types?,Soothing_and_Calming_Serum_Questions
What are the common myths about licorice root in skincare?,Soothing_and_Calming_Serum_Questions
What are the skin benefits of allantoin and panthenol?,Soothing_and_Calming_Serum_Questions
How do allantoin and panthenol serums calm irritated skin?,Soothing_and_Calming_Serum_Questions
Are allantoin-based serums suitable for sensitive skin?,Soothing_and_Calming_Serum_Questions
Can panthenol serums improve skin hydration and elasticity?,Soothing_and_Calming_Serum_Questions
How often should I use an allantoin and panthenol serum?,Soothing_and_Calming_Serum_Questions
Do allantoin serums help with wound healing and skin repair?,Soothing_and_Calming_Serum_Questions
Can panthenol serums be used to reduce redness caused by irritation?,Soothing_and_Calming_Serum_Questions
Are allantoin and panthenol serums effective for dry skin?,Soothing_and_Calming_Serum_Questions
What are the common active compounds in these serums?,Soothing_and_Calming_Serum_Questions
Can allantoin and panthenol serums be combined with exfoliating products?,Soothing_and_Calming_Serum_Questions
Are these serums suitable for post-sun exposure care?,Soothing_and_Calming_Serum_Questions
How do allantoin and panthenol serums improve the skin barrier?,Soothing_and_Calming_Serum_Questions
Can these serums help with acne or acne scars?,Soothing_and_Calming_Serum_Questions
Are allantoin and panthenol serums effective for calming rosacea-prone skin?,Soothing_and_Calming_Serum_Questions
What is the best way to incorporate these serums into a skincare routine?,Soothing_and_Calming_Serum_Questions
Do allantoin serums work well for aging skin?,Soothing_and_Calming_Serum_Questions
Can panthenol serums help with flaky or rough skin?,Soothing_and_Calming_Serum_Questions
Are allantoin and panthenol serums suitable for daily use?,Soothing_and_Calming_Serum_Questions
Do these serums provide long-term benefits for sensitive skin?,Soothing_and_Calming_Serum_Questions
What are the common myths about allantoin and panthenol in skincare?,Soothing_and_Calming_Serum_Questions
